<?xml version="1.0" encoding="UTF-8"?>
<con:soapui-project id="0775303e-58d6-42a2-a612-a5f7adea24a0" activeEnvironment="Default" name="calculator" resourceRoot="" soapui-version="5.5.0" xmlns:con="http://eviware.com/soapui/config"><con:settings/><con:interface xsi:type="con:WsdlInterface" id="f11e5b4d-3371-4729-bedb-08248c0c31c7" wsaVersion="NONE" name="ICalculator" type="wsdl" bindingName="{http://www.parasoft.com/wsdl/calculator/}ICalculator" soapVersion="1_1" anonymous="optional" definition="http://soaptest.parasoft.com/calculator.wsdl" xmlns:xsi="http://www.w3.org/2001/XMLSchema-instance"><con:settings/><con:definitionCache type="TEXT" rootPart="http://soaptest.parasoft.com/calculator.wsdl"><con:part><con:url>http://soaptest.parasoft.com/calculator.wsdl</con:url><con:content><![CDATA[<!--generated by GLUE Standard 4.1.2 on Fri Nov 21 13:50:48 PST 2003-->
<wsdl:definitions name="Calculator" targetNamespace="http://www.parasoft.com/wsdl/calculator/" xmlns:http="http://schemas.xmlsoap.org/wsdl/http/" xmlns:mime="http://schemas.xmlsoap.org/wsdl/mime/" xmlns:soap="http://schemas.xmlsoap.org/wsdl/soap/" xmlns:soap12="http://schemas.xmlsoap.org/wsdl/soap12/" xmlns:soapenc="http://schemas.xmlsoap.org/soap/encoding/" xmlns:tme="http://www.themindelectric.com/" xmlns:tns="http://www.parasoft.com/wsdl/calculator/" xmlns:wsdl="http://schemas.xmlsoap.org/wsdl/" xmlns:xsd="http://www.w3.org/2001/XMLSchema">
  <wsdl:types>
    <xsd:schema elementFormDefault="qualified" targetNamespace="http://www.parasoft.com/wsdl/calculator/">
      <xsd:element name="add">
        <xsd:complexType>
          <xsd:sequence>
            <xsd:element name="x" type="xsd:float"/>
            <xsd:element name="y" type="xsd:float"/>
          </xsd:sequence>
        </xsd:complexType>
      </xsd:element>
      <xsd:element name="addResponse">
        <xsd:complexType>
          <xsd:sequence>
            <xsd:element name="Result" type="xsd:float"/>
          </xsd:sequence>
        </xsd:complexType>
      </xsd:element>
      <xsd:element name="divide">
        <xsd:complexType>
          <xsd:sequence>
            <xsd:element name="numerator" type="xsd:float"/>
            <xsd:element name="denominator" type="xsd:float"/>
          </xsd:sequence>
        </xsd:complexType>
      </xsd:element>
      <xsd:element name="divideResponse">
        <xsd:complexType>
          <xsd:sequence>
            <xsd:element name="Result" type="xsd:float"/>
          </xsd:sequence>
        </xsd:complexType>
      </xsd:element>
      <xsd:element name="multiply">
        <xsd:complexType>
          <xsd:sequence>
            <xsd:element name="x" type="xsd:float"/>
            <xsd:element name="y" type="xsd:float"/>
          </xsd:sequence>
        </xsd:complexType>
      </xsd:element>
      <xsd:element name="multiplyResponse">
        <xsd:complexType>
          <xsd:sequence>
            <xsd:element name="Result" type="xsd:float"/>
          </xsd:sequence>
        </xsd:complexType>
      </xsd:element>
      <xsd:element name="subtract">
        <xsd:complexType>
          <xsd:sequence>
            <xsd:element name="x" type="xsd:float"/>
            <xsd:element name="y" type="xsd:float"/>
          </xsd:sequence>
        </xsd:complexType>
      </xsd:element>
      <xsd:element name="subtractResponse">
        <xsd:complexType>
          <xsd:sequence>
            <xsd:element name="Result" type="xsd:float"/>
          </xsd:sequence>
        </xsd:complexType>
      </xsd:element>
    </xsd:schema>
  </wsdl:types>
  <wsdl:message name="add0In">
    <wsdl:part element="tns:add" name="parameters"/>
  </wsdl:message>
  <wsdl:message name="add0Out">
    <wsdl:part element="tns:addResponse" name="parameters"/>
  </wsdl:message>
  <wsdl:message name="divide1In">
    <wsdl:part element="tns:divide" name="parameters"/>
  </wsdl:message>
  <wsdl:message name="divide1Out">
    <wsdl:part element="tns:divideResponse" name="parameters"/>
  </wsdl:message>
  <wsdl:message name="multiply2In">
    <wsdl:part element="tns:multiply" name="parameters"/>
  </wsdl:message>
  <wsdl:message name="multiply2Out">
    <wsdl:part element="tns:multiplyResponse" name="parameters"/>
  </wsdl:message>
  <wsdl:message name="subtract3In">
    <wsdl:part element="tns:subtract" name="parameters"/>
  </wsdl:message>
  <wsdl:message name="subtract3Out">
    <wsdl:part element="tns:subtractResponse" name="parameters"/>
  </wsdl:message>
  <wsdl:portType name="ICalculator">
    <wsdl:operation name="add" parameterOrder="x y">
      <wsdl:input message="tns:add0In" name="add0In"/>
      <wsdl:output message="tns:add0Out" name="add0Out"/>
    </wsdl:operation>
    <wsdl:operation name="divide" parameterOrder="numerator denominator">
      <wsdl:input message="tns:divide1In" name="divide1In"/>
      <wsdl:output message="tns:divide1Out" name="divide1Out"/>
    </wsdl:operation>
    <wsdl:operation name="multiply" parameterOrder="x y">
      <wsdl:input message="tns:multiply2In" name="multiply2In"/>
      <wsdl:output message="tns:multiply2Out" name="multiply2Out"/>
    </wsdl:operation>
    <wsdl:operation name="subtract" parameterOrder="x y">
      <wsdl:input message="tns:subtract3In" name="subtract3In"/>
      <wsdl:output message="tns:subtract3Out" name="subtract3Out"/>
    </wsdl:operation>
  </wsdl:portType>
  <wsdl:binding name="ICalculator" type="tns:ICalculator">
    <soap:binding style="document" transport="http://schemas.xmlsoap.org/soap/http"/>
    <wsdl:operation name="add">
      <soap:operation soapAction="add" style="document"/>
      <wsdl:input name="add0In">
        <soap:body use="literal"/>
      </wsdl:input>
      <wsdl:output name="add0Out">
        <soap:body use="literal"/>
      </wsdl:output>
    </wsdl:operation>
    <wsdl:operation name="divide">
      <soap:operation soapAction="divide" style="document"/>
      <wsdl:input name="divide1In">
        <soap:body use="literal"/>
      </wsdl:input>
      <wsdl:output name="divide1Out">
        <soap:body use="literal"/>
      </wsdl:output>
    </wsdl:operation>
    <wsdl:operation name="multiply">
      <soap:operation soapAction="multiply" style="document"/>
      <wsdl:input name="multiply2In">
        <soap:body use="literal"/>
      </wsdl:input>
      <wsdl:output name="multiply2Out">
        <soap:body use="literal"/>
      </wsdl:output>
    </wsdl:operation>
    <wsdl:operation name="subtract">
      <soap:operation soapAction="subtract" style="document"/>
      <wsdl:input name="subtract3In">
        <soap:body use="literal"/>
      </wsdl:input>
      <wsdl:output name="subtract3Out">
        <soap:body use="literal"/>
      </wsdl:output>
    </wsdl:operation>
  </wsdl:binding>
  <wsdl:service name="Calculator">
    <wsdl:documentation>instance of class webtool.soap.examples.calculator.Calculator</wsdl:documentation>
    <wsdl:port binding="tns:ICalculator" name="ICalculator">
      <soap:address location="http://ws1.parasoft.com/glue/calculator"/>
    </wsdl:port>
  </wsdl:service>
</wsdl:definitions>]]></con:content><con:type>http://schemas.xmlsoap.org/wsdl/</con:type></con:part></con:definitionCache><con:endpoints><con:endpoint>http://ws1.parasoft.com/glue/calculator</con:endpoint></con:endpoints><con:operation id="59a00cf3-f7a1-4409-8b18-5efddd0916e6" isOneWay="false" action="add" name="add" bindingOperationName="add" type="Request-Response" outputName="add0Out" inputName="add0In" receivesAttachments="false" sendsAttachments="false" anonymous="optional"><con:settings/><con:call id="f94627be-61c7-4eb0-9693-900cf2436ba4" name="Request 1"><con:settings><con:setting id="com.eviware.soapui.impl.wsdl.WsdlRequest@request-headers">&lt;xml-fragment/></con:setting></con:settings><con:encoding>UTF-8</con:encoding><con:endpoint>http://ws1.parasoft.com/glue/calculator</con:endpoint><con:request><![CDATA[<soapenv:Envelope xmlns:soapenv="http://schemas.xmlsoap.org/soap/envelope/" xmlns:cal="http://www.parasoft.com/wsdl/calculator/">\r
   <soapenv:Header/>\r
   <soapenv:Body>\r
      <cal:add>\r
         <cal:x>5</cal:x>\r
         <cal:y>3</cal:y>\r
      </cal:add>\r
   </soapenv:Body>\r
</soapenv:Envelope>]]></con:request><con:credentials><con:authType>No Authorization</con:authType></con:credentials><con:jmsConfig JMSDeliveryMode="PERSISTENT"/><con:jmsPropertyConfig/><con:wsaConfig mustUnderstand="NONE" version="200508" action="add"/><con:wsrmConfig version="1.2"/></con:call></con:operation><con:operation id="0ed9dd12-46be-4d2f-acb9-ebb53fb65612" isOneWay="false" action="divide" name="divide" bindingOperationName="divide" type="Request-Response" outputName="divide1Out" inputName="divide1In" receivesAttachments="false" sendsAttachments="false" anonymous="optional"><con:settings/><con:call id="ccb077dc-5ea3-4317-91cd-096e43d6ca1e" name="Request 1"><con:settings/><con:encoding>UTF-8</con:encoding><con:endpoint>http://ws1.parasoft.com/glue/calculator</con:endpoint><con:request><![CDATA[<soapenv:Envelope xmlns:soapenv="http://schemas.xmlsoap.org/soap/envelope/" xmlns:cal="http://www.parasoft.com/wsdl/calculator/">\r
   <soapenv:Header/>\r
   <soapenv:Body>\r
      <cal:divide>\r
         <cal:numerator>?</cal:numerator>\r
         <cal:denominator>?</cal:denominator>\r
      </cal:divide>\r
   </soapenv:Body>\r
</soapenv:Envelope>]]></con:request><con:wsaConfig mustUnderstand="NONE" version="200508" action="divide"/></con:call></con:operation><con:operation id="37e6b479-902b-4662-acf4-0ca9136ed002" isOneWay="false" action="multiply" name="multiply" bindingOperationName="multiply" type="Request-Response" outputName="multiply2Out" inputName="multiply2In" receivesAttachments="false" sendsAttachments="false" anonymous="optional"><con:settings/><con:call id="14cefc2f-98fc-487a-9e85-217314029fe9" name="Request 1"><con:settings/><con:encoding>UTF-8</con:encoding><con:endpoint>http://ws1.parasoft.com/glue/calculator</con:endpoint><con:request><![CDATA[<soapenv:Envelope xmlns:soapenv="http://schemas.xmlsoap.org/soap/envelope/" xmlns:cal="http://www.parasoft.com/wsdl/calculator/">\r
   <soapenv:Header/>\r
   <soapenv:Body>\r
      <cal:multiply>\r
         <cal:x>?</cal:x>\r
         <cal:y>?</cal:y>\r
      </cal:multiply>\r
   </soapenv:Body>\r
</soapenv:Envelope>]]></con:request><con:wsaConfig mustUnderstand="NONE" version="200508" action="multiply"/></con:call></con:operation><con:operation id="48d2fdc3-b211-4d30-b5d9-92a25070638e" isOneWay="false" action="subtract" name="subtract" bindingOperationName="subtract" type="Request-Response" outputName="subtract3Out" inputName="subtract3In" receivesAttachments="false" sendsAttachments="false" anonymous="optional"><con:settings/><con:call id="0d196752-fd8f-421d-8618-5c41d06d99da" name="Request 1"><con:settings/><con:encoding>UTF-8</con:encoding><con:endpoint>http://ws1.parasoft.com/glue/calculator</con:endpoint><con:request><![CDATA[<soapenv:Envelope xmlns:soapenv="http://schemas.xmlsoap.org/soap/envelope/" xmlns:cal="http://www.parasoft.com/wsdl/calculator/">\r
   <soapenv:Header/>\r
   <soapenv:Body>\r
      <cal:subtract>\r
         <cal:x>?</cal:x>\r
         <cal:y>?</cal:y>\r
      </cal:subtract>\r
   </soapenv:Body>\r
</soapenv:Envelope>]]></con:request><con:wsaConfig mustUnderstand="NONE" version="200508" action="subtract"/></con:call></con:operation></con:interface><con:properties/><con:wssContainer/><con:oAuth2ProfileContainer/><con:oAuth1ProfileContainer/></con:soapui-project>